module,gene_symbol
ECM_organization,A2M
ECM_organization,ACAN
ECM_organization,ACTA1
ECM_organization,ACTA2
ECM_organization,ACTB
ECM_organization,ACTC1
ECM_organization,ACTG1
ECM_organization,ACTG2
ECM_organization,ACTN1
ECM_organization,ADAM10
ECM_organization,ADAM12
ECM_organization,ADAM15
ECM_organization,ADAM17
ECM_organization,ADAM19
ECM_organization,ADAM8
ECM_organization,ADAM9
ECM_organization,ADAMTS1
ECM_organization,ADAMTS14
ECM_organization,ADAMTS16
ECM_organization,ADAMTS18
ECM_organization,ADAMTS2
ECM_organization,ADAMTS3
ECM_organization,ADAMTS4
ECM_organization,ADAMTS5
ECM_organization,ADAMTS8
ECM_organization,ADAMTS9
ECM_organization,AGRN
ECM_organization,APP
ECM_organization,ASPN
ECM_organization,BCAN
ECM_organization,BGN
ECM_organization,BMP1
ECM_organization,BMP10
ECM_organization,BMP2
ECM_organization,BMP4
ECM_organization,BMP7
ECM_organization,BSG
ECM_organization,CAPN1
ECM_organization,CAPN10
ECM_organization,CAPN11
ECM_organization,CAPN12
ECM_organization,CAPN13
ECM_organization,CAPN14
ECM_organization,CAPN15
ECM_organization,CAPN2
ECM_organization,CAPN3
ECM_organization,CAPN5
ECM_organization,CAPN6
ECM_organization,CAPN7
ECM_organization,CAPN8
ECM_organization,CAPN9
ECM_organization,CAPNS1
ECM_organization,CAPNS2
ECM_organization,CASK
ECM_organization,CASP3
ECM_organization,CAST
ECM_organization,CD151
ECM_organization,CD44
ECM_organization,CD47
ECM_organization,CDH1
ECM_organization,CEACAM1
ECM_organization,CEACAM6
ECM_organization,CEACAM8
ECM_organization,CMA1
ECM_organization,COL10A1
ECM_organization,COL11A1
ECM_organization,COL11A2
ECM_organization,COL12A1
ECM_organization,COL13A1
ECM_organization,COL14A1
ECM_organization,COL15A1
ECM_organization,COL16A1
ECM_organization,COL17A1
ECM_organization,COL18A1
ECM_organization,COL19A1
ECM_organization,COL1A1
ECM_organization,COL1A2
ECM_organization,COL20A1
ECM_organization,COL21A1
ECM_organization,COL22A1
ECM_organization,COL23A1
ECM_organization,COL24A1
ECM_organization,COL25A1
ECM_organization,COL26A1
ECM_organization,COL27A1
ECM_organization,COL28A1
ECM_organization,COL2A1
ECM_organization,COL3A1
ECM_organization,COL4A1
ECM_organization,COL4A2
ECM_organization,COL4A3
ECM_organization,COL4A4
ECM_organization,COL4A5
ECM_organization,COL4A6
ECM_organization,COL5A1
ECM_organization,COL5A2
ECM_organization,COL5A3
ECM_organization,COL6A1
ECM_organization,COL6A2
ECM_organization,COL6A3
ECM_organization,COL6A5
ECM_organization,COL6A6
ECM_organization,COL7A1
ECM_organization,COL8A1
ECM_organization,COL8A2
ECM_organization,COL9A1
ECM_organization,COL9A2
ECM_organization,COL9A3
ECM_organization,COLGALT1
ECM_organization,COLGALT2
ECM_organization,COMP
ECM_organization,CRTAP
ECM_organization,CTRB1
ECM_organization,CTRB2
ECM_organization,CTSB
ECM_organization,CTSD
ECM_organization,CTSG
ECM_organization,CTSK
ECM_organization,CTSL
ECM_organization,CTSS
ECM_organization,CTSV
ECM_organization,DAG1
ECM_organization,DCN
ECM_organization,DDR1
ECM_organization,DDR2
ECM_organization,DMD
ECM_organization,DMP1
ECM_organization,DRP2
ECM_organization,DSPP
ECM_organization,DST
ECM_organization,DTNA
ECM_organization,DTNB
ECM_organization,EFEMP1
ECM_organization,EFEMP2
ECM_organization,ELANE
ECM_organization,ELN
ECM_organization,EMILIN1
ECM_organization,EMILIN2
ECM_organization,EMILIN3
ECM_organization,F11R
ECM_organization,FBLN1
ECM_organization,FBLN2
ECM_organization,FBLN5
ECM_organization,FBN1
ECM_organization,FBN2
ECM_organization,FBN3
ECM_organization,FGA
ECM_organization,FGB
ECM_organization,FGF2
ECM_organization,FGG
ECM_organization,FMOD
ECM_organization,FN1
ECM_organization,FURIN
ECM_organization,GDF5
ECM_organization,HAPLN1
ECM_organization,HSPG2
ECM_organization,HTRA1
ECM_organization,IBSP
ECM_organization,ICAM1
ECM_organization,ICAM2
ECM_organization,ICAM3
ECM_organization,ICAM4
ECM_organization,ICAM5
ECM_organization,ITGA1
ECM_organization,ITGA10
ECM_organization,ITGA11
ECM_organization,ITGA2
ECM_organization,ITGA2B
ECM_organization,ITGA3
ECM_organization,ITGA4
ECM_organization,ITGA5
ECM_organization,ITGA6
ECM_organization,ITGA7
ECM_organization,ITGA8
ECM_organization,ITGA9
ECM_organization,ITGAD
ECM_organization,ITGAE
ECM_organization,ITGAL
ECM_organization,ITGAM
ECM_organization,ITGAV
ECM_organization,ITGAX
ECM_organization,ITGB1
ECM_organization,ITGB2
ECM_organization,ITGB3
ECM_organization,ITGB4
ECM_organization,ITGB5
ECM_organization,ITGB6
ECM_organization,ITGB7
ECM_organization,ITGB8
ECM_organization,JAM2
ECM_organization,JAM3
ECM_organization,KDR
ECM_organization,KLK2
ECM_organization,KLK7
ECM_organization,KLKB1
ECM_organization,LAMA1
ECM_organization,LAMA2
ECM_organization,LAMA3
ECM_organization,LAMA4
ECM_organization,LAMA5
ECM_organization,LAMB1
ECM_organization,LAMB2
ECM_organization,LAMB3
ECM_organization,LAMC1
ECM_organization,LAMC2
ECM_organization,LAMC3
ECM_organization,LOX
ECM_organization,LOXL1
ECM_organization,LOXL2
ECM_organization,LOXL3
ECM_organization,LOXL4
ECM_organization,LRP4
ECM_organization,LTBP1
ECM_organization,LTBP2
ECM_organization,LTBP3
ECM_organization,LTBP4
ECM_organization,LUM
ECM_organization,MADCAM1
ECM_organization,MATN1
ECM_organization,MATN3
ECM_organization,MATN4
ECM_organization,MFAP2
ECM_organization,MFAP3
ECM_organization,MFAP4
ECM_organization,MFAP5
ECM_organization,MMP1
ECM_organization,MMP10
ECM_organization,MMP11
ECM_organization,MMP12
ECM_organization,MMP13
ECM_organization,MMP14
ECM_organization,MMP15
ECM_organization,MMP16
ECM_organization,MMP17
ECM_organization,MMP19
ECM_organization,MMP2
ECM_organization,MMP20
ECM_organization,MMP24
ECM_organization,MMP25
ECM_organization,MMP3
ECM_organization,MMP7
ECM_organization,MMP8
ECM_organization,MMP9
ECM_organization,MUSK
ECM_organization,NCAM1
ECM_organization,NCAN
ECM_organization,NCSTN
ECM_organization,NID1
ECM_organization,NID2
ECM_organization,NRXN1
ECM_organization,NTN4
ECM_organization,OPTC
ECM_organization,P3H1
ECM_organization,P3H2
ECM_organization,P3H3
ECM_organization,P4HA1
ECM_organization,P4HA2
ECM_organization,P4HA3
ECM_organization,P4HB
ECM_organization,PCOLCE
ECM_organization,PCOLCE2
ECM_organization,PDGFA
ECM_organization,PDGFB
ECM_organization,PECAM1
ECM_organization,PHYKPL
ECM_organization,PLEC
ECM_organization,PLG
ECM_organization,PLOD1
ECM_organization,PLOD2
ECM_organization,PLOD3
ECM_organization,PPIB
ECM_organization,PRKCA
ECM_organization,PRSS1
ECM_organization,PRSS2
ECM_organization,PSEN1
ECM_organization,PTPRS
ECM_organization,PXDN
ECM_organization,SCUBE1
ECM_organization,SCUBE3
ECM_organization,SDC1
ECM_organization,SDC2
ECM_organization,SDC3
ECM_organization,SDC4
ECM_organization,SERPINE1
ECM_organization,SERPINH1
ECM_organization,SGCA
ECM_organization,SGCB
ECM_organization,SGCD
ECM_organization,SGCE
ECM_organization,SGCG
ECM_organization,SGCZ
ECM_organization,SH3PXD2A
ECM_organization,SNTA1
ECM_organization,SNTB1
ECM_organization,SNTB2
ECM_organization,SNTG2
ECM_organization,SPARC
ECM_organization,SPOCK3
ECM_organization,SPP1
ECM_organization,SSPN
ECM_organization,TGFB1
ECM_organization,TGFB2
ECM_organization,TGFB3
ECM_organization,THBS1
ECM_organization,TIMP1
ECM_organization,TIMP2
ECM_organization,TLL1
ECM_organization,TLL2
ECM_organization,TMPRSS6
ECM_organization,TNC
ECM_organization,TNN
ECM_organization,TNR
ECM_organization,TNXB
ECM_organization,TPSAB1
ECM_organization,TRAPPC4
ECM_organization,TTR
ECM_organization,UTRN
ECM_organization,VCAM1
ECM_organization,VCAN
ECM_organization,VTN
ECM_organization,VWF
collagen_formation,ADAMTS14
collagen_formation,ADAMTS2
collagen_formation,ADAMTS3
collagen_formation,BMP1
collagen_formation,CD151
collagen_formation,COL10A1
collagen_formation,COL11A1
collagen_formation,COL11A2
collagen_formation,COL12A1
collagen_formation,COL13A1
collagen_formation,COL14A1
collagen_formation,COL15A1
collagen_formation,COL16A1
collagen_formation,COL17A1
collagen_formation,COL18A1
collagen_formation,COL19A1
collagen_formation,COL1A1
collagen_formation,COL1A2
collagen_formation,COL20A1
collagen_formation,COL21A1
collagen_formation,COL22A1
collagen_formation,COL23A1
collagen_formation,COL24A1
collagen_formation,COL25A1
collagen_formation,COL26A1
collagen_formation,COL27A1
collagen_formation,COL28A1
collagen_formation,COL2A1
collagen_formation,COL3A1
collagen_formation,COL4A1
collagen_formation,COL4A2
collagen_formation,COL4A3
collagen_formation,COL4A4
collagen_formation,COL4A5
collagen_formation,COL4A6
collagen_formation,COL5A1
collagen_formation,COL5A2
collagen_formation,COL5A3
collagen_formation,COL6A1
collagen_formation,COL6A2
collagen_formation,COL6A3
collagen_formation,COL6A5
collagen_formation,COL6A6
collagen_formation,COL7A1
collagen_formation,COL8A1
collagen_formation,COL8A2
collagen_formation,COL9A1
collagen_formation,COL9A2
collagen_formation,COL9A3
collagen_formation,COLGALT1
collagen_formation,COLGALT2
collagen_formation,CRTAP
collagen_formation,CTSB
collagen_formation,CTSL
collagen_formation,CTSS
collagen_formation,CTSV
collagen_formation,DST
collagen_formation,ITGA6
collagen_formation,ITGB4
collagen_formation,LAMA3
collagen_formation,LAMB3
collagen_formation,LAMC2
collagen_formation,LOX
collagen_formation,LOXL1
collagen_formation,LOXL2
collagen_formation,LOXL3
collagen_formation,LOXL4
collagen_formation,MMP13
collagen_formation,MMP20
collagen_formation,MMP3
collagen_formation,MMP7
collagen_formation,MMP9
collagen_formation,P3H1
collagen_formation,P3H2
collagen_formation,P3H3
collagen_formation,P4HA1
collagen_formation,P4HA2
collagen_formation,P4HA3
collagen_formation,P4HB
collagen_formation,PCOLCE
collagen_formation,PCOLCE2
collagen_formation,PLEC
collagen_formation,PLOD1
collagen_formation,PLOD2
collagen_formation,PLOD3
collagen_formation,PPIB
collagen_formation,PXDN
collagen_formation,SERPINH1
collagen_formation,TLL1
collagen_formation,TLL2
collagen_biosynthesis,ADAMTS14
collagen_biosynthesis,ADAMTS2
collagen_biosynthesis,ADAMTS3
collagen_biosynthesis,BMP1
collagen_biosynthesis,COL10A1
collagen_biosynthesis,COL11A1
collagen_biosynthesis,COL11A2
collagen_biosynthesis,COL12A1
collagen_biosynthesis,COL13A1
collagen_biosynthesis,COL14A1
collagen_biosynthesis,COL15A1
collagen_biosynthesis,COL16A1
collagen_biosynthesis,COL17A1
collagen_biosynthesis,COL18A1
collagen_biosynthesis,COL19A1
collagen_biosynthesis,COL1A1
collagen_biosynthesis,COL1A2
collagen_biosynthesis,COL20A1
collagen_biosynthesis,COL21A1
collagen_biosynthesis,COL22A1
collagen_biosynthesis,COL23A1
collagen_biosynthesis,COL24A1
collagen_biosynthesis,COL25A1
collagen_biosynthesis,COL26A1
collagen_biosynthesis,COL27A1
collagen_biosynthesis,COL28A1
collagen_biosynthesis,COL2A1
collagen_biosynthesis,COL3A1
collagen_biosynthesis,COL4A1
collagen_biosynthesis,COL4A2
collagen_biosynthesis,COL4A3
collagen_biosynthesis,COL4A4
collagen_biosynthesis,COL4A5
collagen_biosynthesis,COL4A6
collagen_biosynthesis,COL5A1
collagen_biosynthesis,COL5A2
collagen_biosynthesis,COL5A3
collagen_biosynthesis,COL6A1
collagen_biosynthesis,COL6A2
collagen_biosynthesis,COL6A3
collagen_biosynthesis,COL6A5
collagen_biosynthesis,COL6A6
collagen_biosynthesis,COL7A1
collagen_biosynthesis,COL8A1
collagen_biosynthesis,COL8A2
collagen_biosynthesis,COL9A1
collagen_biosynthesis,COL9A2
collagen_biosynthesis,COL9A3
collagen_biosynthesis,COLGALT1
collagen_biosynthesis,COLGALT2
collagen_biosynthesis,CRTAP
collagen_biosynthesis,P3H1
collagen_biosynthesis,P3H2
collagen_biosynthesis,P3H3
collagen_biosynthesis,P4HA1
collagen_biosynthesis,P4HA2
collagen_biosynthesis,P4HA3
collagen_biosynthesis,P4HB
collagen_biosynthesis,PCOLCE
collagen_biosynthesis,PCOLCE2
collagen_biosynthesis,PLOD1
collagen_biosynthesis,PLOD2
collagen_biosynthesis,PLOD3
collagen_biosynthesis,PPIB
collagen_biosynthesis,SERPINH1
collagen_biosynthesis,TLL1
collagen_biosynthesis,TLL2
neutrophil_degranulation,A1BG
neutrophil_degranulation,ABCA13
neutrophil_degranulation,ACAA1
neutrophil_degranulation,ACLY
neutrophil_degranulation,ACP3
neutrophil_degranulation,ACTR10
neutrophil_degranulation,ACTR1B
neutrophil_degranulation,ACTR2
neutrophil_degranulation,ADA2
neutrophil_degranulation,ADAM10
neutrophil_degranulation,ADAM8
neutrophil_degranulation,ADGRE3
neutrophil_degranulation,ADGRE5
neutrophil_degranulation,ADGRG3
neutrophil_degranulation,AGA
neutrophil_degranulation,AGL
neutrophil_degranulation,AGPAT2
neutrophil_degranulation,AHSG
neutrophil_degranulation,ALAD
neutrophil_degranulation,ALDH3B1
neutrophil_degranulation,ALDOA
neutrophil_degranulation,ALDOC
neutrophil_degranulation,ALOX5
neutrophil_degranulation,AMPD3
neutrophil_degranulation,ANO6
neutrophil_degranulation,ANPEP
neutrophil_degranulation,ANXA2
neutrophil_degranulation,AOC1
neutrophil_degranulation,AP1M1
neutrophil_degranulation,AP2A2
neutrophil_degranulation,APAF1
neutrophil_degranulation,APEH
neutrophil_degranulation,APRT
neutrophil_degranulation,ARG1
neutrophil_degranulation,ARHGAP45
neutrophil_degranulation,ARHGAP9
neutrophil_degranulation,ARL8A
neutrophil_degranulation,ARMC8
neutrophil_degranulation,ARPC5
neutrophil_degranulation,ARSA
neutrophil_degranulation,ARSB
neutrophil_degranulation,ASAH1
neutrophil_degranulation,ATAD3B
neutrophil_degranulation,ATG7
neutrophil_degranulation,ATP11A
neutrophil_degranulation,ATP11B
neutrophil_degranulation,ATP6AP2
neutrophil_degranulation,ATP6V0A1
neutrophil_degranulation,ATP6V0C
neutrophil_degranulation,ATP6V1D
neutrophil_degranulation,ATP8A1
neutrophil_degranulation,ATP8B4
neutrophil_degranulation,AZU1
neutrophil_degranulation,B2M
neutrophil_degranulation,B4GALT1
neutrophil_degranulation,BIN2
neutrophil_degranulation,BPI
neutrophil_degranulation,BRI3
neutrophil_degranulation,BST1
neutrophil_degranulation,BST2
neutrophil_degranulation,C1orf35
neutrophil_degranulation,C3
neutrophil_degranulation,C3AR1
neutrophil_degranulation,C5AR1
neutrophil_degranulation,C6orf120
neutrophil_degranulation,CAB39
neutrophil_degranulation,CALML5
neutrophil_degranulation,CAMP
neutrophil_degranulation,CAND1
neutrophil_degranulation,CANT1
neutrophil_degranulation,CAP1
neutrophil_degranulation,CAPN1
neutrophil_degranulation,CAT
neutrophil_degranulation,CCT2
neutrophil_degranulation,CCT8
neutrophil_degranulation,CD14
neutrophil_degranulation,CD177
neutrophil_degranulation,CD300A
neutrophil_degranulation,CD33
neutrophil_degranulation,CD36
neutrophil_degranulation,CD44
neutrophil_degranulation,CD47
neutrophil_degranulation,CD53
neutrophil_degranulation,CD55
neutrophil_degranulation,CD58
neutrophil_degranulation,CD59
neutrophil_degranulation,CD63
neutrophil_degranulation,CD68
neutrophil_degranulation,CD93
neutrophil_degranulation,CDA
neutrophil_degranulation,CDK13
neutrophil_degranulation,CEACAM1
neutrophil_degranulation,CEACAM3
neutrophil_degranulation,CEACAM6
neutrophil_degranulation,CEACAM8
neutrophil_degranulation,CEP290
neutrophil_degranulation,CFD
neutrophil_degranulation,CFP
neutrophil_degranulation,CHI3L1
neutrophil_degranulation,CHIT1
neutrophil_degranulation,CHRNB4
neutrophil_degranulation,CKAP4
neutrophil_degranulation,CLEC12A
neutrophil_degranulation,CLEC4C
neutrophil_degranulation,CLEC4D
neutrophil_degranulation,CLEC5A
neutrophil_degranulation,CMTM6
neutrophil_degranulation,CNN2
neutrophil_degranulation,COMMD3
neutrophil_degranulation,COMMD9
neutrophil_degranulation,COPB1
neutrophil_degranulation,COTL1
neutrophil_degranulation,CPNE1
neutrophil_degranulation,CPNE3
neutrophil_degranulation,CPPED1
neutrophil_degranulation,CR1
neutrophil_degranulation,CRACR2A
neutrophil_degranulation,CREG1
neutrophil_degranulation,CRISP3
neutrophil_degranulation,CRISPLD2
neutrophil_degranulation,CSNK2B
neutrophil_degranulation,CST3
neutrophil_degranulation,CSTB
neutrophil_degranulation,CTSA
neutrophil_degranulation,CTSB
neutrophil_degranulation,CTSC
neutrophil_degranulation,CTSD
neutrophil_degranulation,CTSG
neutrophil_degranulation,CTSH
neutrophil_degranulation,CTSS
neutrophil_degranulation,CTSZ
neutrophil_degranulation,CXCL1
neutrophil_degranulation,CXCR1
neutrophil_degranulation,CXCR2
neutrophil_degranulation,CYB5R3
neutrophil_degranulation,CYBA
neutrophil_degranulation,CYBB
neutrophil_degranulation,CYFIP1
neutrophil_degranulation,CYSTM1
neutrophil_degranulation,DBNL
neutrophil_degranulation,DDOST
neutrophil_degranulation,DDX3X
neutrophil_degranulation,DEFA1
neutrophil_degranulation,DEFA1B
neutrophil_degranulation,DEFA4
neutrophil_degranulation,DEGS1
neutrophil_degranulation,DERA
neutrophil_degranulation,DGAT1
neutrophil_degranulation,DIAPH1
neutrophil_degranulation,DNAJC13
neutrophil_degranulation,DNAJC3
neutrophil_degranulation,DNAJC5
neutrophil_degranulation,DNASE1L1
neutrophil_degranulation,DOCK2
neutrophil_degranulation,DOK3
neutrophil_degranulation,DPP7
neutrophil_degranulation,DSC1
neutrophil_degranulation,DSG1
neutrophil_degranulation,DSN1
neutrophil_degranulation,DSP
neutrophil_degranulation,DYNC1H1
neutrophil_degranulation,DYNC1LI1
neutrophil_degranulation,DYNLL1
neutrophil_degranulation,DYNLT1
neutrophil_degranulation,EEF1A1
neutrophil_degranulation,EEF2
neutrophil_degranulation,ELANE
neutrophil_degranulation,ENPP4
neutrophil_degranulation,EPX
neutrophil_degranulation,ERP44
neutrophil_degranulation,FABP5
neutrophil_degranulation,FAF2
neutrophil_degranulation,FCAR
neutrophil_degranulation,FCER1G
neutrophil_degranulation,FCGR2A
neutrophil_degranulation,FCGR3B
neutrophil_degranulation,FCN1
neutrophil_degranulation,FGL2
neutrophil_degranulation,FGR
neutrophil_degranulation,FLG2
neutrophil_degranulation,FOLR3
neutrophil_degranulation,FPR1
neutrophil_degranulation,FPR2
neutrophil_degranulation,FRK
neutrophil_degranulation,FRMPD3
neutrophil_degranulation,FTH1
neutrophil_degranulation,FTL
neutrophil_degranulation,FUCA1
neutrophil_degranulation,FUCA2
neutrophil_degranulation,GAA
neutrophil_degranulation,GALNS
neutrophil_degranulation,GCA
neutrophil_degranulation,GDI2
neutrophil_degranulation,GGH
neutrophil_degranulation,GHDC
neutrophil_degranulation,GLA
neutrophil_degranulation,GLB1
neutrophil_degranulation,GLIPR1
neutrophil_degranulation,GM2A
neutrophil_degranulation,GMFG
neutrophil_degranulation,GNS
neutrophil_degranulation,GOLGA7
neutrophil_degranulation,GPI
neutrophil_degranulation,GPR84
neutrophil_degranulation,GRN
neutrophil_degranulation,GSDMD
neutrophil_degranulation,GSN
neutrophil_degranulation,GSTP1
neutrophil_degranulation,GUSB
neutrophil_degranulation,GYG1
neutrophil_degranulation,HBB
neutrophil_degranulation,HEBP2
neutrophil_degranulation,HEXB
neutrophil_degranulation,HGSNAT
neutrophil_degranulation,HK3
neutrophil_degranulation,HLA-B
neutrophil_degranulation,HLA-C
neutrophil_degranulation,HMGB1
neutrophil_degranulation,HMOX2
neutrophil_degranulation,HP
neutrophil_degranulation,HPSE
neutrophil_degranulation,HRNR
neutrophil_degranulation,HSP90AA1
neutrophil_degranulation,HSP90AB1
neutrophil_degranulation,HSPA1A
neutrophil_degranulation,HSPA1B
neutrophil_degranulation,HSPA6
neutrophil_degranulation,HSPA8
neutrophil_degranulation,HUWE1
neutrophil_degranulation,HVCN1
neutrophil_degranulation,IDH1
neutrophil_degranulation,IGF2R
neutrophil_degranulation,ILF2
neutrophil_degranulation,IMPDH1
neutrophil_degranulation,IMPDH2
neutrophil_degranulation,IQGAP1
neutrophil_degranulation,IQGAP2
neutrophil_degranulation,IRAG2
neutrophil_degranulation,IST1
neutrophil_degranulation,ITGAL
neutrophil_degranulation,ITGAM
neutrophil_degranulation,ITGAV
neutrophil_degranulation,ITGAX
neutrophil_degranulation,ITGB2
neutrophil_degranulation,JUP
neutrophil_degranulation,KCMF1
neutrophil_degranulation,KCNAB2
neutrophil_degranulation,KPNB1
neutrophil_degranulation,KRT1
neutrophil_degranulation,LAIR1
neutrophil_degranulation,LAMP1
neutrophil_degranulation,LAMP2
neutrophil_degranulation,LAMTOR1
neutrophil_degranulation,LAMTOR2
neutrophil_degranulation,LAMTOR3
neutrophil_degranulation,LCN2
neutrophil_degranulation,LGALS3
neutrophil_degranulation,LILRA3
neutrophil_degranulation,LILRB2
neutrophil_degranulation,LILRB3
neutrophil_degranulation,LPCAT1
neutrophil_degranulation,LRG1
neutrophil_degranulation,LRRC7
neutrophil_degranulation,LTA4H
neutrophil_degranulation,LTF
neutrophil_degranulation,LYZ
neutrophil_degranulation,MAGT1
neutrophil_degranulation,MAN2B1
neutrophil_degranulation,MANBA
neutrophil_degranulation,MAPK1
neutrophil_degranulation,MAPK14
neutrophil_degranulation,MCEMP1
neutrophil_degranulation,MGAM
neutrophil_degranulation,MGST1
neutrophil_degranulation,MIF
neutrophil_degranulation,MLEC
neutrophil_degranulation,MME
neutrophil_degranulation,MMP25
neutrophil_degranulation,MMP8
neutrophil_degranulation,MMP9
neutrophil_degranulation,MNDA
neutrophil_degranulation,MOSPD2
neutrophil_degranulation,MPO
neutrophil_degranulation,MS4A3
neutrophil_degranulation,MVP
neutrophil_degranulation,NAPRT
neutrophil_degranulation,NBEAL2
neutrophil_degranulation,NCKAP1L
neutrophil_degranulation,NCSTN
neutrophil_degranulation,NDUFC2
neutrophil_degranulation,NEU1
neutrophil_degranulation,NFAM1
neutrophil_degranulation,NFASC
neutrophil_degranulation,NFKB1
neutrophil_degranulation,NHLRC3
neutrophil_degranulation,NIT2
neutrophil_degranulation,NME2
neutrophil_degranulation,NPC2
neutrophil_degranulation,NRAS
neutrophil_degranulation,OLFM4
neutrophil_degranulation,OLR1
neutrophil_degranulation,ORM1
neutrophil_degranulation,ORM2
neutrophil_degranulation,ORMDL3
neutrophil_degranulation,OSCAR
neutrophil_degranulation,OSTF1
neutrophil_degranulation,P2RX1
neutrophil_degranulation,PA2G4
neutrophil_degranulation,PADI2
neutrophil_degranulation,PAFAH1B2
neutrophil_degranulation,PDAP1
neutrophil_degranulation,PDXK
neutrophil_degranulation,PECAM1
neutrophil_degranulation,PFKL
neutrophil_degranulation,PGAM1
neutrophil_degranulation,PGLYRP1
neutrophil_degranulation,PGM1
neutrophil_degranulation,PGM2
neutrophil_degranulation,PGRMC1
neutrophil_degranulation,PIGR
neutrophil_degranulation,PKM
neutrophil_degranulation,PKP1
neutrophil_degranulation,PLAC8
neutrophil_degranulation,PLAU
neutrophil_degranulation,PLAUR
neutrophil_degranulation,PLD1
neutrophil_degranulation,PLEKHO2
neutrophil_degranulation,PNP
neutrophil_degranulation,PPBP
neutrophil_degranulation,PPIA
neutrophil_degranulation,PPIE
neutrophil_degranulation,PRCP
neutrophil_degranulation,PRDX4
neutrophil_degranulation,PRDX6
neutrophil_degranulation,PRG2
neutrophil_degranulation,PRG3
neutrophil_degranulation,PRKCD
neutrophil_degranulation,PRSS2
neutrophil_degranulation,PRSS3
neutrophil_degranulation,PRTN3
neutrophil_degranulation,PSAP
neutrophil_degranulation,PSEN1
neutrophil_degranulation,PSMA2
neutrophil_degranulation,PSMA5
neutrophil_degranulation,PSMB1
neutrophil_degranulation,PSMB7
neutrophil_degranulation,PSMC2
neutrophil_degranulation,PSMC3
neutrophil_degranulation,PSMD1
neutrophil_degranulation,PSMD11
neutrophil_degranulation,PSMD12
neutrophil_degranulation,PSMD13
neutrophil_degranulation,PSMD14
neutrophil_degranulation,PSMD2
neutrophil_degranulation,PSMD3
neutrophil_degranulation,PSMD6
neutrophil_degranulation,PSMD7
neutrophil_degranulation,PTAFR
neutrophil_degranulation,PTGES2
neutrophil_degranulation,PTPN6
neutrophil_degranulation,PTPRB
neutrophil_degranulation,PTPRC
neutrophil_degranulation,PTPRJ
neutrophil_degranulation,PTPRN2
neutrophil_degranulation,PTX3
neutrophil_degranulation,PYCARD
neutrophil_degranulation,PYGB
neutrophil_degranulation,PYGL
neutrophil_degranulation,QPCT
neutrophil_degranulation,QSOX1
neutrophil_degranulation,RAB10
neutrophil_degranulation,RAB14
neutrophil_degranulation,RAB18
neutrophil_degranulation,RAB24
neutrophil_degranulation,RAB27A
neutrophil_degranulation,RAB31
neutrophil_degranulation,RAB37
neutrophil_degranulation,RAB3A
neutrophil_degranulation,RAB3D
neutrophil_degranulation,RAB44
neutrophil_degranulation,RAB4B
neutrophil_degranulation,RAB5B
neutrophil_degranulation,RAB5C
neutrophil_degranulation,RAB6A
neutrophil_degranulation,RAB7A
neutrophil_degranulation,RAB9B
neutrophil_degranulation,RAC1
neutrophil_degranulation,RAP1A
neutrophil_degranulation,RAP1B
neutrophil_degranulation,RAP2B
neutrophil_degranulation,RAP2C
neutrophil_degranulation,RETN
neutrophil_degranulation,RHOA
neutrophil_degranulation,RHOF
neutrophil_degranulation,RHOG
neutrophil_degranulation,RNASE2
neutrophil_degranulation,RNASE3
neutrophil_degranulation,RNASET2
neutrophil_degranulation,ROCK1
neutrophil_degranulation,S100A11
neutrophil_degranulation,S100A12
neutrophil_degranulation,S100A7
neutrophil_degranulation,S100A8
neutrophil_degranulation,S100A9
neutrophil_degranulation,S100P
neutrophil_degranulation,SCAMP1
neutrophil_degranulation,SDCBP
neutrophil_degranulation,SELL
neutrophil_degranulation,SERPINA1
neutrophil_degranulation,SERPINA3
neutrophil_degranulation,SERPINB1
neutrophil_degranulation,SERPINB10
neutrophil_degranulation,SERPINB12
neutrophil_degranulation,SERPINB3
neutrophil_degranulation,SERPINB6
neutrophil_degranulation,SIGLEC14
neutrophil_degranulation,SIGLEC5
neutrophil_degranulation,SIGLEC9
neutrophil_degranulation,SIRPA
neutrophil_degranulation,SIRPB1
neutrophil_degranulation,SLC11A1
neutrophil_degranulation,SLC15A4
neutrophil_degranulation,SLC27A2
neutrophil_degranulation,SLC2A3
neutrophil_degranulation,SLC2A5
neutrophil_degranulation,SLC44A2
neutrophil_degranulation,SLCO4C1
neutrophil_degranulation,SLPI
neutrophil_degranulation,SNAP23
neutrophil_degranulation,SNAP25
neutrophil_degranulation,SNAP29
neutrophil_degranulation,SPTAN1
neutrophil_degranulation,SRP14
neutrophil_degranulation,STBD1
neutrophil_degranulation,STING1
neutrophil_degranulation,STK10
neutrophil_degranulation,STK11IP
neutrophil_degranulation,STOM
neutrophil_degranulation,SURF4
neutrophil_degranulation,SVIP
neutrophil_degranulation,SYNGR1
neutrophil_degranulation,TARM1
neutrophil_degranulation,TBC1D10C
neutrophil_degranulation,TCIRG1
neutrophil_degranulation,TCN1
neutrophil_degranulation,TICAM2
neutrophil_degranulation,TIMP2
neutrophil_degranulation,TLR2
neutrophil_degranulation,TMBIM1
neutrophil_degranulation,TMC6
neutrophil_degranulation,TMEM179B
neutrophil_degranulation,TMEM30A
neutrophil_degranulation,TMEM63A
neutrophil_degranulation,TMT1A
neutrophil_degranulation,TNFAIP6
neutrophil_degranulation,TNFRSF1B
neutrophil_degranulation,TOLLIP
neutrophil_degranulation,TOM1
neutrophil_degranulation,TRAPPC1
neutrophil_degranulation,TRPM2
neutrophil_degranulation,TSPAN14
neutrophil_degranulation,TTR
neutrophil_degranulation,TUBB
neutrophil_degranulation,TUBB4B
neutrophil_degranulation,TXNDC5
neutrophil_degranulation,TYROBP
neutrophil_degranulation,UBR4
neutrophil_degranulation,UNC13D
neutrophil_degranulation,VAMP8
neutrophil_degranulation,VAPA
neutrophil_degranulation,VAT1
neutrophil_degranulation,VCL
neutrophil_degranulation,VCP
neutrophil_degranulation,VNN1
neutrophil_degranulation,VPS35L
neutrophil_degranulation,XRCC5
neutrophil_degranulation,XRCC6
neutrophil_degranulation,YPEL5
innate_immune_system,A1BG
innate_immune_system,AAMP
innate_immune_system,ABCA13
innate_immune_system,ABI1
innate_immune_system,ABI2
innate_immune_system,ABL1
innate_immune_system,ACAA1
innate_immune_system,ACLY
innate_immune_system,ACP3
innate_immune_system,ACTB
innate_immune_system,ACTG1
innate_immune_system,ACTR10
innate_immune_system,ACTR1B
innate_immune_system,ACTR2
innate_immune_system,ACTR3
innate_immune_system,ADA2
innate_immune_system,ADAM10
innate_immune_system,ADAM8
innate_immune_system,ADGRE3
innate_immune_system,ADGRE5
innate_immune_system,ADGRG3
innate_immune_system,ADRM1
innate_immune_system,AGA
innate_immune_system,AGER
innate_immune_system,AGL
innate_immune_system,AGPAT2
innate_immune_system,AHCYL1
innate_immune_system,AHSG
innate_immune_system,AIM2
innate_immune_system,ALAD
innate_immune_system,ALDH3B1
innate_immune_system,ALDOA
innate_immune_system,ALDOC
innate_immune_system,ALOX5
innate_immune_system,ALPK1
innate_immune_system,AMPD3
innate_immune_system,ANO6
innate_immune_system,ANPEP
innate_immune_system,ANXA2
innate_immune_system,AOC1
innate_immune_system,AP1M1
innate_immune_system,AP2A2
innate_immune_system,APAF1
innate_immune_system,APEH
innate_immune_system,APOB
innate_immune_system,APP
innate_immune_system,APRT
innate_immune_system,ARG1
innate_immune_system,ARHGAP45
innate_immune_system,ARHGAP9
innate_immune_system,ARL8A
innate_immune_system,ARMC8
innate_immune_system,ARPC1A
innate_immune_system,ARPC1B
innate_immune_system,ARPC2
innate_immune_system,ARPC3
innate_immune_system,ARPC4
innate_immune_system,ARPC5
innate_immune_system,ARSA
innate_immune_system,ARSB
innate_immune_system,ART1
innate_immune_system,ASAH1
innate_immune_system,ATAD3B
innate_immune_system,ATF1
innate_immune_system,ATF2
innate_immune_system,ATG12
innate_immune_system,ATG5
innate_immune_system,ATG7
innate_immune_system,ATOX1
innate_immune_system,ATP11A
innate_immune_system,ATP11B
innate_immune_system,ATP6AP2
innate_immune_system,ATP6V0A1
innate_immune_system,ATP6V0A2
innate_immune_system,ATP6V0A4
innate_immune_system,ATP6V0B
innate_immune_system,ATP6V0C
innate_immune_system,ATP6V0D1
innate_immune_system,ATP6V0D2
innate_immune_system,ATP6V0E1
innate_immune_system,ATP6V0E2
innate_immune_system,ATP6V1A
innate_immune_system,ATP6V1B1
innate_immune_system,ATP6V1B2
innate_immune_system,ATP6V1C1
innate_immune_system,ATP6V1C2
innate_immune_system,ATP6V1D
innate_immune_system,ATP6V1E1
innate_immune_system,ATP6V1E2
innate_immune_system,ATP6V1F
innate_immune_system,ATP6V1G1
innate_immune_system,ATP6V1G2
innate_immune_system,ATP6V1G3
innate_immune_system,ATP6V1H
innate_immune_system,ATP7A
innate_immune_system,ATP8A1
innate_immune_system,ATP8B4
innate_immune_system,AZU1
innate_immune_system,B2M
innate_immune_system,B4GALT1
innate_immune_system,BAIAP2
innate_immune_system,BCL10
innate_immune_system,BCL2
innate_immune_system,BCL2L1
innate_immune_system,BIN2
innate_immune_system,BIRC2
innate_immune_system,BIRC3
innate_immune_system,BPI
innate_immune_system,BPIFA1
innate_immune_system,BPIFA2
innate_immune_system,BPIFB1
innate_immune_system,BPIFB2
innate_immune_system,BPIFB4
innate_immune_system,BPIFB6
innate_immune_system,BRI3
innate_immune_system,BRK1
innate_immune_system,BST1
innate_immune_system,BST2
innate_immune_system,BTK
innate_immune_system,BTRC
innate_immune_system,C1QA
innate_immune_system,C1QB
innate_immune_system,C1QC
innate_immune_system,C1R
innate_immune_system,C1S
innate_immune_system,C1orf35
innate_immune_system,C2
innate_immune_system,C3
innate_immune_system,C3AR1
innate_immune_system,C4A
innate_immune_system,C4B
innate_immune_system,C4BPA
innate_immune_system,C4BPB
innate_immune_system,C4B_2
innate_immune_system,C5
innate_immune_system,C5AR1
innate_immune_system,C5AR2
innate_immune_system,C6
innate_immune_system,C6orf120
innate_immune_system,C7
innate_immune_system,C8A
innate_immune_system,C8B
innate_immune_system,C8G
innate_immune_system,C9
innate_immune_system,CAB39
innate_immune_system,CALM1
innate_immune_system,CALM2
innate_immune_system,CALM3
innate_immune_system,CALML5
innate_immune_system,CAMP
innate_immune_system,CAND1
innate_immune_system,CANT1
innate_immune_system,CAP1
innate_immune_system,CAPN1
innate_immune_system,CAPZA1
innate_immune_system,CAPZA2
innate_immune_system,CARD11
innate_immune_system,CARD9
innate_immune_system,CASP1
innate_immune_system,CASP10
innate_immune_system,CASP2
innate_immune_system,CASP3
innate_immune_system,CASP4
innate_immune_system,CASP5
innate_immune_system,CASP8
innate_immune_system,CASP9
innate_immune_system,CAT
innate_immune_system,CCL17
innate_immune_system,CCL22
innate_immune_system,CCR2
innate_immune_system,CCR6
innate_immune_system,CCT2
innate_immune_system,CCT8
innate_immune_system,CD14
innate_immune_system,CD177
innate_immune_system,CD180
innate_immune_system,CD19
innate_immune_system,CD209
innate_immune_system,CD247
innate_immune_system,CD300A
innate_immune_system,CD300E
innate_immune_system,CD300LB
innate_immune_system,CD33
innate_immune_system,CD36
innate_immune_system,CD3G
innate_immune_system,CD4
innate_immune_system,CD44
innate_immune_system,CD46
innate_immune_system,CD47
innate_immune_system,CD53
innate_immune_system,CD55
innate_immune_system,CD58
innate_immune_system,CD59
innate_immune_system,CD63
innate_immune_system,CD68
innate_immune_system,CD81
innate_immune_system,CD93
innate_immune_system,CDA
innate_immune_system,CDC34
innate_immune_system,CDC42
innate_immune_system,CDK13
innate_immune_system,CEACAM1
innate_immune_system,CEACAM3
innate_immune_system,CEACAM6
innate_immune_system,CEACAM8
innate_immune_system,CEP290
innate_immune_system,CFB
innate_immune_system,CFD
innate_immune_system,CFH
innate_immune_system,CFHR1
innate_immune_system,CFHR2
innate_immune_system,CFHR3
innate_immune_system,CFHR4
innate_immune_system,CFHR5
innate_immune_system,CFI
innate_immune_system,CFL1
innate_immune_system,CFP
innate_immune_system,CGAS
innate_immune_system,CHGA
innate_immune_system,CHI3L1
innate_immune_system,CHIT1
innate_immune_system,CHRNB4
innate_immune_system,CHUK
innate_immune_system,CKAP4
innate_immune_system,CLEC10A
innate_immune_system,CLEC12A
innate_immune_system,CLEC4A
innate_immune_system,CLEC4C
innate_immune_system,CLEC4D
innate_immune_system,CLEC4E
innate_immune_system,CLEC5A
innate_immune_system,CLEC6A
innate_immune_system,CLEC7A
innate_immune_system,CLU
innate_immune_system,CMTM6
innate_immune_system,CNN2
innate_immune_system,CNPY3
innate_immune_system,COLEC10
innate_immune_system,COLEC11
innate_immune_system,COMMD3
innate_immune_system,COMMD9
innate_immune_system,COPB1
innate_immune_system,COTL1
innate_immune_system,CPB2
innate_immune_system,CPN1
innate_immune_system,CPN2
innate_immune_system,CPNE1
innate_immune_system,CPNE3
innate_immune_system,CPPED1
innate_immune_system,CR1
innate_immune_system,CR2
innate_immune_system,CRACR2A
innate_immune_system,CRCP
innate_immune_system,CREB1
innate_immune_system,CREBBP
innate_immune_system,CREG1
innate_immune_system,CRISP3
innate_immune_system,CRISPLD2
innate_immune_system,CRK
innate_immune_system,CRP
innate_immune_system,CSNK2B
innate_immune_system,CST3
innate_immune_system,CSTB
innate_immune_system,CTNNB1
innate_immune_system,CTSA
innate_immune_system,CTSB
innate_immune_system,CTSC
innate_immune_system,CTSD
innate_immune_system,CTSG
innate_immune_system,CTSH
innate_immune_system,CTSK
innate_immune_system,CTSL
innate_immune_system,CTSS
innate_immune_system,CTSV
innate_immune_system,CTSZ
innate_immune_system,CUL1
innate_immune_system,CXCL1
innate_immune_system,CXCR1
innate_immune_system,CXCR2
innate_immune_system,CYB5R3
innate_immune_system,CYBA
innate_immune_system,CYBB
innate_immune_system,CYFIP1
innate_immune_system,CYFIP2
innate_immune_system,CYLD
innate_immune_system,CYSTM1
innate_immune_system,DBNL
innate_immune_system,DCD
innate_immune_system,DDOST
innate_immune_system,DDX3X
innate_immune_system,DDX41
innate_immune_system,DEFA1
innate_immune_system,DEFA1B
innate_immune_system,DEFA3
innate_immune_system,DEFA4
innate_immune_system,DEFA5
innate_immune_system,DEFA6
innate_immune_system,DEFB1
innate_immune_system,DEFB103A
innate_immune_system,DEFB103B
innate_immune_system,DEFB104A
innate_immune_system,DEFB104B
innate_immune_system,DEFB105A
innate_immune_system,DEFB105B
innate_immune_system,DEFB106A
innate_immune_system,DEFB106B
innate_immune_system,DEFB107A
innate_immune_system,DEFB107B
innate_immune_system,DEFB108B
innate_immune_system,DEFB109B
innate_immune_system,DEFB110
innate_immune_system,DEFB112
innate_immune_system,DEFB113
innate_immune_system,DEFB114
innate_immune_system,DEFB115
innate_immune_system,DEFB116
innate_immune_system,DEFB118
innate_immune_system,DEFB119
innate_immune_system,DEFB121
innate_immune_system,DEFB123
innate_immune_system,DEFB124
innate_immune_system,DEFB125
innate_immune_system,DEFB126
innate_immune_system,DEFB127
innate_immune_system,DEFB128
innate_immune_system,DEFB129
innate_immune_system,DEFB130A
innate_immune_system,DEFB130B
innate_immune_system,DEFB131A
innate_immune_system,DEFB132
innate_immune_system,DEFB133
innate_immune_system,DEFB134
innate_immune_system,DEFB135
innate_immune_system,DEFB136
innate_immune_system,DEFB4A
innate_immune_system,DEFB4B
innate_immune_system,DEGS1
innate_immune_system,DERA
innate_immune_system,DGAT1
innate_immune_system,DHX36
innate_immune_system,DHX58
innate_immune_system,DHX9
innate_immune_system,DIAPH1
innate_immune_system,DNAJC13
innate_immune_system,DNAJC3
innate_immune_system,DNAJC5
innate_immune_system,DNASE1L1
innate_immune_system,DNM1
innate_immune_system,DNM2
innate_immune_system,DNM3
innate_immune_system,DOCK1
innate_immune_system,DOCK2
innate_immune_system,DOK3
innate_immune_system,DPP7
innate_immune_system,DSC1
innate_immune_system,DSG1
innate_immune_system,DSN1
innate_immune_system,DSP
innate_immune_system,DTX4
innate_immune_system,DUSP3
innate_immune_system,DUSP4
innate_immune_system,DUSP6
innate_immune_system,DUSP7
innate_immune_system,DYNC1H1
innate_immune_system,DYNC1LI1
innate_immune_system,DYNLL1
innate_immune_system,DYNLT1
innate_immune_system,ECSIT
innate_immune_system,EEA1
innate_immune_system,EEF1A1
innate_immune_system,EEF2
innate_immune_system,ELANE
innate_immune_system,ELK1
innate_immune_system,ELMO1
innate_immune_system,ELMO2
innate_immune_system,ENPP4
innate_immune_system,EP300
innate_immune_system,EPPIN
innate_immune_system,EPPIN-WFDC6
innate_immune_system,EPX
innate_immune_system,ERP44
innate_immune_system,F2
innate_immune_system,FABP5
innate_immune_system,FADD
innate_immune_system,FAF2
innate_immune_system,FBXW11
innate_immune_system,FCAR
innate_immune_system,FCER1A
innate_immune_system,FCER1G
innate_immune_system,FCGR1A
innate_immune_system,FCGR2A
innate_immune_system,FCGR3A
innate_immune_system,FCGR3B
innate_immune_system,FCN1
innate_immune_system,FCN2
innate_immune_system,FCN3
innate_immune_system,FGA
innate_immune_system,FGB
innate_immune_system,FGG
innate_immune_system,FGL2
innate_immune_system,FGR
innate_immune_system,FLG2
innate_immune_system,FOLR3
innate_immune_system,FOS
innate_immune_system,FPR1
innate_immune_system,FPR2
innate_immune_system,FRK
innate_immune_system,FRMPD3
innate_immune_system,FTH1
innate_immune_system,FTL
innate_immune_system,FUCA1
innate_immune_system,FUCA2
innate_immune_system,FYN
innate_immune_system,GAA
innate_immune_system,GAB2
innate_immune_system,GALNS
innate_immune_system,GBP1
innate_immune_system,GBP2
innate_immune_system,GBP3
innate_immune_system,GBP4
innate_immune_system,GCA
innate_immune_system,GDI2
innate_immune_system,GGH
innate_immune_system,GHDC
innate_immune_system,GLA
innate_immune_system,GLB1
innate_immune_system,GLIPR1
innate_immune_system,GM2A
innate_immune_system,GMFG
innate_immune_system,GNLY
innate_immune_system,GNS
innate_immune_system,GOLGA7
innate_immune_system,GPI
innate_immune_system,GPR84
innate_immune_system,GRAP2
innate_immune_system,GRB2
innate_immune_system,GRN
innate_immune_system,GSDMD
innate_immune_system,GSDME
innate_immune_system,GSN
innate_immune_system,GSTP1
innate_immune_system,GUSB
innate_immune_system,GYG1
innate_immune_system,GZMM
innate_immune_system,HBB
innate_immune_system,HCK
innate_immune_system,HEBP2
innate_immune_system,HERC5
innate_immune_system,HEXB
innate_immune_system,HGSNAT
innate_immune_system,HK3
innate_immune_system,HLA-B
innate_immune_system,HLA-C
innate_immune_system,HLA-E
innate_immune_system,HMGB1
innate_immune_system,HMOX1
innate_immune_system,HMOX2
innate_immune_system,HP
innate_immune_system,HPSE
innate_immune_system,HRAS
innate_immune_system,HRNR
innate_immune_system,HSP90AA1
innate_immune_system,HSP90AB1
innate_immune_system,HSP90B1
innate_immune_system,HSPA1A
innate_immune_system,HSPA1B
innate_immune_system,HSPA6
innate_immune_system,HSPA8
innate_immune_system,HTN1
innate_immune_system,HTN3
innate_immune_system,HUWE1
innate_immune_system,HVCN1
innate_immune_system,ICAM2
innate_immune_system,ICAM3
innate_immune_system,IDH1
innate_immune_system,IFI16
innate_immune_system,IFIH1
innate_immune_system,IFNA1
innate_immune_system,IFNA10
innate_immune_system,IFNA13
innate_immune_system,IFNA14
innate_immune_system,IFNA16
innate_immune_system,IFNA17
innate_immune_system,IFNA2
innate_immune_system,IFNA21
innate_immune_system,IFNA4
innate_immune_system,IFNA5
innate_immune_system,IFNA6
innate_immune_system,IFNA7
innate_immune_system,IFNA8
innate_immune_system,IFNB1
innate_immune_system,IGF2R
innate_immune_system,IGHE
innate_immune_system,IGHG1
innate_immune_system,IGHG2
innate_immune_system,IGHG4
innate_immune_system,IGHV1-2
innate_immune_system,IGHV1-46
innate_immune_system,IGHV1-69
innate_immune_system,IGHV2-5
innate_immune_system,IGHV2-70
innate_immune_system,IGHV3-11
innate_immune_system,IGHV3-13
innate_immune_system,IGHV3-23
innate_immune_system,IGHV3-30
innate_immune_system,IGHV3-33
innate_immune_system,IGHV3-48
innate_immune_system,IGHV3-53
innate_immune_system,IGHV3-7
innate_immune_system,IGHV4-34
innate_immune_system,IGHV4-39
innate_immune_system,IGHV4-59
innate_immune_system,IGKV1-12
innate_immune_system,IGKV1-16
innate_immune_system,IGKV1-17
innate_immune_system,IGKV1-33
innate_immune_system,IGKV1-39
innate_immune_system,IGKV1-5
innate_immune_system,IGKV1D-12
innate_immune_system,IGKV1D-16
innate_immune_system,IGKV1D-33
innate_immune_system,IGKV1D-39
innate_immune_system,IGKV2-28
innate_immune_system,IGKV2-30
innate_immune_system,IGKV2D-28
innate_immune_system,IGKV2D-30
innate_immune_system,IGKV2D-40
innate_immune_system,IGKV3-11
innate_immune_system,IGKV3-15
innate_immune_system,IGKV3-20
innate_immune_system,IGKV3D-20
innate_immune_system,IGKV4-1
innate_immune_system,IGKV5-2
innate_immune_system,IGLC2
innate_immune_system,IGLC3
innate_immune_system,IGLV1-40
innate_immune_system,IGLV1-44
innate_immune_system,IGLV1-47
innate_immune_system,IGLV1-51
innate_immune_system,IGLV2-11
innate_immune_system,IGLV2-14
innate_immune_system,IGLV2-23
innate_immune_system,IGLV2-8
innate_immune_system,IGLV3-1
innate_immune_system,IGLV3-19
innate_immune_system,IGLV3-21
innate_immune_system,IGLV3-25
innate_immune_system,IGLV3-27
innate_immune_system,IGLV6-57
innate_immune_system,IGLV7-43
innate_immune_system,IKBIP
innate_immune_system,IKBKB
innate_immune_system,IKBKE
innate_immune_system,IKBKG
innate_immune_system,IL18
innate_immune_system,IL1B
innate_immune_system,ILF2
innate_immune_system,IMPDH1
innate_immune_system,IMPDH2
innate_immune_system,IQGAP1
innate_immune_system,IQGAP2
innate_immune_system,IRAG2
innate_immune_system,IRAK1
innate_immune_system,IRAK2
innate_immune_system,IRAK3
innate_immune_system,IRAK4
innate_immune_system,IRF3
innate_immune_system,IRF5
innate_immune_system,IRF7
innate_immune_system,ISG15
innate_immune_system,IST1
innate_immune_system,ITCH
innate_immune_system,ITGAL
innate_immune_system,ITGAM
innate_immune_system,ITGAV
innate_immune_system,ITGAX
innate_immune_system,ITGB2
innate_immune_system,ITK
innate_immune_system,ITLN1
innate_immune_system,ITPR1
innate_immune_system,ITPR2
innate_immune_system,ITPR3
innate_immune_system,JUN
innate_immune_system,JUP
innate_immune_system,KCMF1
innate_immune_system,KCNAB2
innate_immune_system,KIR2DS1
innate_immune_system,KIR2DS2
innate_immune_system,KIR2DS4
innate_immune_system,KIR2DS5
innate_immune_system,KIR3DS1
innate_immune_system,KLRC2
innate_immune_system,KLRD1
innate_immune_system,KLRK1
innate_immune_system,KPNB1
innate_immune_system,KRAS
innate_immune_system,KRT1
innate_immune_system,LAIR1
innate_immune_system,LAMP1
innate_immune_system,LAMP2
innate_immune_system,LAMTOR1
innate_immune_system,LAMTOR2
innate_immune_system,LAMTOR3
innate_immune_system,LAT
innate_immune_system,LAT2
innate_immune_system,LBP
innate_immune_system,LCK
innate_immune_system,LCN2
innate_immune_system,LCP2
innate_immune_system,LEAP2
innate_immune_system,LGALS3
innate_immune_system,LGMN
innate_immune_system,LILRA3
innate_immune_system,LILRB2
innate_immune_system,LILRB3
innate_immune_system,LIMK1
innate_immune_system,LPCAT1
innate_immune_system,LPO
innate_immune_system,LRG1
innate_immune_system,LRRC14
innate_immune_system,LRRC7
innate_immune_system,LRRFIP1
innate_immune_system,LTA4H
innate_immune_system,LTF
innate_immune_system,LY86
innate_immune_system,LY96
innate_immune_system,LYN
innate_immune_system,LYZ
innate_immune_system,MAGT1
innate_immune_system,MALT1
innate_immune_system,MAN2B1
innate_immune_system,MANBA
innate_immune_system,MAP2K1
innate_immune_system,MAP2K3
innate_immune_system,MAP2K4
innate_immune_system,MAP2K6
innate_immune_system,MAP2K7
innate_immune_system,MAP3K1
innate_immune_system,MAP3K14
innate_immune_system,MAP3K7
innate_immune_system,MAP3K8
innate_immune_system,MAPK1
innate_immune_system,MAPK10
innate_immune_system,MAPK11
innate_immune_system,MAPK12
innate_immune_system,MAPK13
innate_immune_system,MAPK14
innate_immune_system,MAPK3
innate_immune_system,MAPK7
innate_immune_system,MAPK8
innate_immune_system,MAPK9
innate_immune_system,MAPKAPK2
innate_immune_system,MAPKAPK3
innate_immune_system,MASP1
innate_immune_system,MASP2
innate_immune_system,MAVS
innate_immune_system,MBL2
innate_immune_system,MCEMP1
innate_immune_system,MEF2A
innate_immune_system,MEF2C
innate_immune_system,MEFV
innate_immune_system,MGAM
innate_immune_system,MGST1
innate_immune_system,MIF
innate_immune_system,MLEC
innate_immune_system,MME
innate_immune_system,MMP25
innate_immune_system,MMP8
innate_immune_system,MMP9
innate_immune_system,MNDA
innate_immune_system,MOSPD2
innate_immune_system,MPO
innate_immune_system,MRE11
innate_immune_system,MS4A2
innate_immune_system,MS4A3
innate_immune_system,MUC1
innate_immune_system,MUC12
innate_immune_system,MUC13
innate_immune_system,MUC15
innate_immune_system,MUC16
innate_immune_system,MUC17
innate_immune_system,MUC20
innate_immune_system,MUC21
innate_immune_system,MUC3A
innate_immune_system,MUC4
innate_immune_system,MUC5AC
innate_immune_system,MUC5B
innate_immune_system,MUC6
innate_immune_system,MUC7
innate_immune_system,MUCL1
innate_immune_system,MVP
innate_immune_system,MYD88
innate_immune_system,MYH2
innate_immune_system,MYH9
innate_immune_system,MYO10
innate_immune_system,MYO1C
innate_immune_system,MYO5A
innate_immune_system,MYO9B
innate_immune_system,N4BP1
innate_immune_system,NAPRT
innate_immune_system,NBEAL2
innate_immune_system,NCF1
innate_immune_system,NCF2
innate_immune_system,NCF4
innate_immune_system,NCK1
innate_immune_system,NCKAP1
innate_immune_system,NCKAP1L
innate_immune_system,NCKIPSD
innate_immune_system,NCR2
innate_immune_system,NCSTN
innate_immune_system,NDUFC2
innate_immune_system,NEU1
innate_immune_system,NF2
innate_immune_system,NFAM1
innate_immune_system,NFASC
innate_immune_system,NFATC1
innate_immune_system,NFATC2
innate_immune_system,NFATC3
innate_immune_system,NFKB1
innate_immune_system,NFKB2
innate_immune_system,NFKBIA
innate_immune_system,NFKBIB
innate_immune_system,NHLRC3
innate_immune_system,NIT2
innate_immune_system,NKIRAS1
innate_immune_system,NKIRAS2
innate_immune_system,NLRC3
innate_immune_system,NLRC4
innate_immune_system,NLRC5
innate_immune_system,NLRP1
innate_immune_system,NLRP3
innate_immune_system,NLRP4
innate_immune_system,NLRX1
innate_immune_system,NME2
innate_immune_system,NOD1
innate_immune_system,NOD2
innate_immune_system,NOS1
innate_immune_system,NOS2
innate_immune_system,NOS3
innate_immune_system,NPC2
innate_immune_system,NRAS
innate_immune_system,OLFM4
innate_immune_system,OLR1
innate_immune_system,OPTN
innate_immune_system,ORM1
innate_immune_system,ORM2
innate_immune_system,ORMDL3
innate_immune_system,OSCAR
innate_immune_system,OSTF1
innate_immune_system,OTUD5
innate_immune_system,P2RX1
innate_immune_system,P2RX7
innate_immune_system,PA2G4
innate_immune_system,PADI2
innate_immune_system,PAFAH1B2
innate_immune_system,PAK1
innate_immune_system,PAK2
innate_immune_system,PAK3
innate_immune_system,PANX1
innate_immune_system,PCBP2
innate_immune_system,PDAP1
innate_immune_system,PDPK1
innate_immune_system,PDXK
innate_immune_system,PDZD11
innate_immune_system,PECAM1
innate_immune_system,PELI1
innate_immune_system,PELI2
innate_immune_system,PELI3
innate_immune_system,PFKL
innate_immune_system,PGAM1
innate_immune_system,PGLYRP1
innate_immune_system,PGLYRP2
innate_immune_system,PGLYRP3
innate_immune_system,PGLYRP4
innate_immune_system,PGM1
innate_immune_system,PGM2
innate_immune_system,PGRMC1
innate_immune_system,PI3
innate_immune_system,PIGR
innate_immune_system,PIK3C3
innate_immune_system,PIK3CA
innate_immune_system,PIK3CB
innate_immune_system,PIK3R1
innate_immune_system,PIK3R2
innate_immune_system,PIK3R4
innate_immune_system,PIN1
innate_immune_system,PKM
innate_immune_system,PKP1
innate_immune_system,PLA2G2A
innate_immune_system,PLA2G6
innate_immune_system,PLAC8
innate_immune_system,PLAU
innate_immune_system,PLAUR
innate_immune_system,PLCG1
innate_immune_system,PLCG2
innate_immune_system,PLD1
innate_immune_system,PLD2
innate_immune_system,PLD3
innate_immune_system,PLD4
innate_immune_system,PLEKHO2
innate_immune_system,PLPP4
innate_immune_system,PLPP5
innate_immune_system,PNP
innate_immune_system,POLR1C
innate_immune_system,POLR1D
innate_immune_system,POLR2E
innate_immune_system,POLR2F
innate_immune_system,POLR2H
innate_immune_system,POLR2K
innate_immune_system,POLR2L
innate_immune_system,POLR3A
innate_immune_system,POLR3B
innate_immune_system,POLR3C
innate_immune_system,POLR3D
innate_immune_system,POLR3E
innate_immune_system,POLR3F
innate_immune_system,POLR3G
innate_immune_system,POLR3GL
innate_immune_system,POLR3H
innate_immune_system,POLR3K
innate_immune_system,PPBP
innate_immune_system,PPIA
innate_immune_system,PPIE
innate_immune_system,PPP2CA
innate_immune_system,PPP2CB
innate_immune_system,PPP2R1A
innate_immune_system,PPP2R1B
innate_immune_system,PPP2R5D
innate_immune_system,PPP3CA
innate_immune_system,PPP3CB
innate_immune_system,PPP3R1
innate_immune_system,PRCP
innate_immune_system,PRDX4
innate_immune_system,PRDX6
innate_immune_system,PRG2
innate_immune_system,PRG3
innate_immune_system,PRKACA
innate_immune_system,PRKACB
innate_immune_system,PRKACG
innate_immune_system,PRKCD
innate_immune_system,PRKCE
innate_immune_system,PRKCQ
innate_immune_system,PRKCSH
innate_immune_system,PRKDC
innate_immune_system,PROS1
innate_immune_system,PRSS2
innate_immune_system,PRSS3
innate_immune_system,PRTN3
innate_immune_system,PSAP
innate_immune_system,PSEN1
innate_immune_system,PSMA1
innate_immune_system,PSMA2
innate_immune_system,PSMA3
innate_immune_system,PSMA4
innate_immune_system,PSMA5
innate_immune_system,PSMA6
innate_immune_system,PSMA7
innate_immune_system,PSMB1
innate_immune_system,PSMB2
innate_immune_system,PSMB3
innate_immune_system,PSMB4
innate_immune_system,PSMB5
innate_immune_system,PSMB6
innate_immune_system,PSMB7
innate_immune_system,PSMC1
innate_immune_system,PSMC2
innate_immune_system,PSMC3
innate_immune_system,PSMC4
innate_immune_system,PSMC5
innate_immune_system,PSMC6
innate_immune_system,PSMD1
innate_immune_system,PSMD11
innate_immune_system,PSMD12
innate_immune_system,PSMD13
innate_immune_system,PSMD14
innate_immune_system,PSMD2
innate_immune_system,PSMD3
innate_immune_system,PSMD6
innate_immune_system,PSMD7
innate_immune_system,PSMD8
innate_immune_system,PSTPIP1
innate_immune_system,PTAFR
innate_immune_system,PTGES2
innate_immune_system,PTK2
innate_immune_system,PTPN11
innate_immune_system,PTPN4
innate_immune_system,PTPN6
innate_immune_system,PTPRB
innate_immune_system,PTPRC
innate_immune_system,PTPRJ
innate_immune_system,PTPRN2
innate_immune_system,PTX3
innate_immune_system,PYCARD
innate_immune_system,PYGB
innate_immune_system,PYGL
innate_immune_system,QPCT
innate_immune_system,QSOX1
innate_immune_system,RAB10
innate_immune_system,RAB14
innate_immune_system,RAB18
innate_immune_system,RAB24
innate_immune_system,RAB27A
innate_immune_system,RAB31
innate_immune_system,RAB37
innate_immune_system,RAB3A
innate_immune_system,RAB3D
innate_immune_system,RAB44
innate_immune_system,RAB4B
innate_immune_system,RAB5B
innate_immune_system,RAB5C
innate_immune_system,RAB6A
innate_immune_system,RAB7A
innate_immune_system,RAB9B
innate_immune_system,RAC1
innate_immune_system,RAC2
innate_immune_system,RAF1
innate_immune_system,RAP1A
innate_immune_system,RAP1B
innate_immune_system,RAP2B
innate_immune_system,RAP2C
innate_immune_system,RASGRP1
innate_immune_system,RASGRP2
innate_immune_system,RASGRP4
innate_immune_system,RBSN
innate_immune_system,REG3A
innate_immune_system,REG3G
innate_immune_system,RELA
innate_immune_system,RELB
innate_immune_system,RETN
innate_immune_system,RHOA
innate_immune_system,RHOF
innate_immune_system,RHOG
innate_immune_system,RIGI
innate_immune_system,RIPK1
innate_immune_system,RIPK2
innate_immune_system,RIPK3
innate_immune_system,RNASE2
innate_immune_system,RNASE3
innate_immune_system,RNASE6
innate_immune_system,RNASE7
innate_immune_system,RNASE8
innate_immune_system,RNASET2
innate_immune_system,RNF125
innate_immune_system,RNF135
innate_immune_system,RNF216
innate_immune_system,ROCK1
innate_immune_system,RPS27A
innate_immune_system,RPS6KA1
innate_immune_system,RPS6KA2
innate_immune_system,RPS6KA3
innate_immune_system,RPS6KA5
innate_immune_system,S100A1
innate_immune_system,S100A11
innate_immune_system,S100A12
innate_immune_system,S100A7
innate_immune_system,S100A7A
innate_immune_system,S100A8
innate_immune_system,S100A9
innate_immune_system,S100B
innate_immune_system,S100P
innate_immune_system,SAA1
innate_immune_system,SARM1
innate_immune_system,SCAMP1
innate_immune_system,SDCBP
innate_immune_system,SELL
innate_immune_system,SEM1
innate_immune_system,SEMG1
innate_immune_system,SERPINA1
innate_immune_system,SERPINA3
innate_immune_system,SERPINB1
innate_immune_system,SERPINB10
innate_immune_system,SERPINB12
innate_immune_system,SERPINB3
innate_immune_system,SERPINB6
innate_immune_system,SERPING1
innate_immune_system,SFTPA1
innate_immune_system,SFTPA2
innate_immune_system,SFTPD
innate_immune_system,SHC1
innate_immune_system,SIGIRR
innate_immune_system,SIGLEC14
innate_immune_system,SIGLEC15
innate_immune_system,SIGLEC5
innate_immune_system,SIGLEC9
innate_immune_system,SIKE1
innate_immune_system,SIRPA
innate_immune_system,SIRPB1
innate_immune_system,SKP1
innate_immune_system,SLC11A1
innate_immune_system,SLC15A4
innate_immune_system,SLC27A2
innate_immune_system,SLC2A3
innate_immune_system,SLC2A5
innate_immune_system,SLC44A2
innate_immune_system,SLCO4C1
innate_immune_system,SLPI
innate_immune_system,SNAP23
innate_immune_system,SNAP25
innate_immune_system,SNAP29
innate_immune_system,SOCS1
innate_immune_system,SOS1
innate_immune_system,SPTAN1
innate_immune_system,SRC
innate_immune_system,SRP14
innate_immune_system,STAT6
innate_immune_system,STBD1
innate_immune_system,STING1
innate_immune_system,STK10
innate_immune_system,STK11IP
innate_immune_system,STOM
innate_immune_system,SUGT1
innate_immune_system,SURF4
innate_immune_system,SVIP
innate_immune_system,SYK
innate_immune_system,SYNGR1
innate_immune_system,TAB1
innate_immune_system,TAB2
innate_immune_system,TAB3
innate_immune_system,TANK
innate_immune_system,TARM1
innate_immune_system,TASL
innate_immune_system,TAX1BP1
innate_immune_system,TBC1D10C
innate_immune_system,TBK1
innate_immune_system,TCIRG1
innate_immune_system,TCN1
innate_immune_system,TEC
innate_immune_system,TICAM1
innate_immune_system,TICAM2
innate_immune_system,TIFA
innate_immune_system,TIMP2
innate_immune_system,TIRAP
innate_immune_system,TKFC
innate_immune_system,TLR1
innate_immune_system,TLR10
innate_immune_system,TLR2
innate_immune_system,TLR3
innate_immune_system,TLR4
innate_immune_system,TLR5
innate_immune_system,TLR6
innate_immune_system,TLR7
innate_immune_system,TLR8
innate_immune_system,TLR9
innate_immune_system,TMBIM1
innate_immune_system,TMC6
innate_immune_system,TMEM179B
innate_immune_system,TMEM30A
innate_immune_system,TMEM63A
innate_immune_system,TMT1A
innate_immune_system,TNFAIP3
innate_immune_system,TNFAIP6
innate_immune_system,TNFRSF1B
innate_immune_system,TNIP2
innate_immune_system,TOLLIP
innate_immune_system,TOM1
innate_immune_system,TOMM70
innate_immune_system,TP53
innate_immune_system,TRAF2
innate_immune_system,TRAF3
innate_immune_system,TRAF6
innate_immune_system,TRAPPC1
innate_immune_system,TREM1
innate_immune_system,TREM2
innate_immune_system,TREX1
innate_immune_system,TRIM21
innate_immune_system,TRIM25
innate_immune_system,TRIM32
innate_immune_system,TRIM4
innate_immune_system,TRIM56
innate_immune_system,TRPM2
innate_immune_system,TSPAN14
innate_immune_system,TTR
innate_immune_system,TUBB
innate_immune_system,TUBB4B
innate_immune_system,TXK
innate_immune_system,TXN
innate_immune_system,TXNDC5
innate_immune_system,TXNIP
innate_immune_system,TYROBP
innate_immune_system,UBA3
innate_immune_system,UBA52
innate_immune_system,UBA7
innate_immune_system,UBB
innate_immune_system,UBC
innate_immune_system,UBE2D1
innate_immune_system,UBE2D2
innate_immune_system,UBE2D3
innate_immune_system,UBE2K
innate_immune_system,UBE2L6
innate_immune_system,UBE2M
innate_immune_system,UBE2N
innate_immune_system,UBE2V1
innate_immune_system,UBR4
innate_immune_system,UNC13D
innate_immune_system,UNC93B1
innate_immune_system,USP14
innate_immune_system,USP18
innate_immune_system,VAMP8
innate_immune_system,VAPA
innate_immune_system,VAT1
innate_immune_system,VAV1
innate_immune_system,VAV2
innate_immune_system,VAV3
innate_immune_system,VCL
innate_immune_system,VCP
innate_immune_system,VNN1
innate_immune_system,VPS35L
innate_immune_system,VRK3
innate_immune_system,VTN
innate_immune_system,WAS
innate_immune_system,WASF1
innate_immune_system,WASF2
innate_immune_system,WASF3
innate_immune_system,WASL
innate_immune_system,WIPF1
innate_immune_system,WIPF2
innate_immune_system,WIPF3
innate_immune_system,XRCC5
innate_immune_system,XRCC6
innate_immune_system,YES1
innate_immune_system,YPEL5
innate_immune_system,ZBP1
cell_cycle_mitotic,AAAS
cell_cycle_mitotic,ABL1
cell_cycle_mitotic,ACTR1A
cell_cycle_mitotic,ADRM1
cell_cycle_mitotic,AHCTF1
cell_cycle_mitotic,AJUBA
cell_cycle_mitotic,AKAP9
cell_cycle_mitotic,AKT1
cell_cycle_mitotic,AKT2
cell_cycle_mitotic,AKT3
cell_cycle_mitotic,ALMS1
cell_cycle_mitotic,ANAPC1
cell_cycle_mitotic,ANAPC10
cell_cycle_mitotic,ANAPC11
cell_cycle_mitotic,ANAPC15
cell_cycle_mitotic,ANAPC16
cell_cycle_mitotic,ANAPC2
cell_cycle_mitotic,ANAPC4
cell_cycle_mitotic,ANAPC5
cell_cycle_mitotic,ANAPC7
cell_cycle_mitotic,ANKLE2
cell_cycle_mitotic,ARPP19
cell_cycle_mitotic,AURKA
cell_cycle_mitotic,AURKB
cell_cycle_mitotic,B9D2
cell_cycle_mitotic,BANF1
cell_cycle_mitotic,BIRC5
cell_cycle_mitotic,BLZF1
cell_cycle_mitotic,BORA
cell_cycle_mitotic,BTRC
cell_cycle_mitotic,BUB1
cell_cycle_mitotic,BUB1B
cell_cycle_mitotic,BUB3
cell_cycle_mitotic,CABLES1
cell_cycle_mitotic,CC2D1B
cell_cycle_mitotic,CCNA1
cell_cycle_mitotic,CCNA2
cell_cycle_mitotic,CCNB1
cell_cycle_mitotic,CCNB2
cell_cycle_mitotic,CCND1
cell_cycle_mitotic,CCND2
cell_cycle_mitotic,CCND3
cell_cycle_mitotic,CCNE1
cell_cycle_mitotic,CCNE2
cell_cycle_mitotic,CCNH
cell_cycle_mitotic,CCP110
cell_cycle_mitotic,CDC14A
cell_cycle_mitotic,CDC16
cell_cycle_mitotic,CDC20
cell_cycle_mitotic,CDC23
cell_cycle_mitotic,CDC25A
cell_cycle_mitotic,CDC25B
cell_cycle_mitotic,CDC25C
cell_cycle_mitotic,CDC26
cell_cycle_mitotic,CDC27
cell_cycle_mitotic,CDC45
cell_cycle_mitotic,CDC6
cell_cycle_mitotic,CDC7
cell_cycle_mitotic,CDCA5
cell_cycle_mitotic,CDCA8
cell_cycle_mitotic,CDK1
cell_cycle_mitotic,CDK11A
cell_cycle_mitotic,CDK11B
cell_cycle_mitotic,CDK2
cell_cycle_mitotic,CDK4
cell_cycle_mitotic,CDK5RAP2
cell_cycle_mitotic,CDK6
cell_cycle_mitotic,CDK7
cell_cycle_mitotic,CDKN1A
cell_cycle_mitotic,CDKN1B
cell_cycle_mitotic,CDKN1C
cell_cycle_mitotic,CDKN2A
cell_cycle_mitotic,CDKN2B
cell_cycle_mitotic,CDKN2C
cell_cycle_mitotic,CDKN2D
cell_cycle_mitotic,CDT1
cell_cycle_mitotic,CENPA
cell_cycle_mitotic,CENPC
cell_cycle_mitotic,CENPE
cell_cycle_mitotic,CENPF
cell_cycle_mitotic,CENPH
cell_cycle_mitotic,CENPI
cell_cycle_mitotic,CENPK
cell_cycle_mitotic,CENPL
cell_cycle_mitotic,CENPM
cell_cycle_mitotic,CENPN
cell_cycle_mitotic,CENPO
cell_cycle_mitotic,CENPP
cell_cycle_mitotic,CENPQ
cell_cycle_mitotic,CENPS
cell_cycle_mitotic,CENPT
cell_cycle_mitotic,CENPU
cell_cycle_mitotic,CEP131
cell_cycle_mitotic,CEP135
cell_cycle_mitotic,CEP152
cell_cycle_mitotic,CEP164
cell_cycle_mitotic,CEP192
cell_cycle_mitotic,CEP250
cell_cycle_mitotic,CEP290
cell_cycle_mitotic,CEP41
cell_cycle_mitotic,CEP43
cell_cycle_mitotic,CEP57
cell_cycle_mitotic,CEP63
cell_cycle_mitotic,CEP70
cell_cycle_mitotic,CEP72
cell_cycle_mitotic,CEP76
cell_cycle_mitotic,CEP78
cell_cycle_mitotic,CETN2
cell_cycle_mitotic,CHMP2A
cell_cycle_mitotic,CHMP2B
cell_cycle_mitotic,CHMP3
cell_cycle_mitotic,CHMP4A
cell_cycle_mitotic,CHMP4B
cell_cycle_mitotic,CHMP4C
cell_cycle_mitotic,CHMP6
cell_cycle_mitotic,CHMP7
cell_cycle_mitotic,CKAP5
cell_cycle_mitotic,CKS1B
cell_cycle_mitotic,CLASP1
cell_cycle_mitotic,CLASP2
cell_cycle_mitotic,CLIP1
cell_cycle_mitotic,CNEP1R1
cell_cycle_mitotic,CNTRL
cell_cycle_mitotic,CPAP
cell_cycle_mitotic,CSNK1D
cell_cycle_mitotic,CSNK1E
cell_cycle_mitotic,CSNK2A1
cell_cycle_mitotic,CSNK2A2
cell_cycle_mitotic,CSNK2B
cell_cycle_mitotic,CTDNEP1
cell_cycle_mitotic,CUL1
cell_cycle_mitotic,DBF4
cell_cycle_mitotic,DCTN1
cell_cycle_mitotic,DCTN2
cell_cycle_mitotic,DCTN3
cell_cycle_mitotic,DHFR
cell_cycle_mitotic,DNA2
cell_cycle_mitotic,DSN1
cell_cycle_mitotic,DYNC1H1
cell_cycle_mitotic,DYNC1I1
cell_cycle_mitotic,DYNC1I2
cell_cycle_mitotic,DYNC1LI1
cell_cycle_mitotic,DYNC1LI2
cell_cycle_mitotic,DYNLL1
cell_cycle_mitotic,DYNLL2
cell_cycle_mitotic,DYRK1A
cell_cycle_mitotic,E2F1
cell_cycle_mitotic,E2F2
cell_cycle_mitotic,E2F3
cell_cycle_mitotic,E2F4
cell_cycle_mitotic,E2F5
cell_cycle_mitotic,E2F6
cell_cycle_mitotic,EMD
cell_cycle_mitotic,EML4
cell_cycle_mitotic,ENSA
cell_cycle_mitotic,EP300
cell_cycle_mitotic,ERCC6L
cell_cycle_mitotic,ESCO1
cell_cycle_mitotic,ESCO2
cell_cycle_mitotic,ESPL1
cell_cycle_mitotic,FBXL18
cell_cycle_mitotic,FBXL7
cell_cycle_mitotic,FBXO5
cell_cycle_mitotic,FBXW11
cell_cycle_mitotic,FEN1
cell_cycle_mitotic,FIRRM
cell_cycle_mitotic,FKBPL
cell_cycle_mitotic,FOXM1
cell_cycle_mitotic,FZR1
cell_cycle_mitotic,GINS1
cell_cycle_mitotic,GINS2
cell_cycle_mitotic,GINS3
cell_cycle_mitotic,GINS4
cell_cycle_mitotic,GMNN
cell_cycle_mitotic,GOLGA2
cell_cycle_mitotic,GORASP1
cell_cycle_mitotic,GORASP2
cell_cycle_mitotic,GSK3B
cell_cycle_mitotic,GTSE1
cell_cycle_mitotic,H2AB1
cell_cycle_mitotic,H2AC14
cell_cycle_mitotic,H2AC18
cell_cycle_mitotic,H2AC19
cell_cycle_mitotic,H2AC20
cell_cycle_mitotic,H2AC4
cell_cycle_mitotic,H2AC6
cell_cycle_mitotic,H2AC7
cell_cycle_mitotic,H2AC8
cell_cycle_mitotic,H2AJ
cell_cycle_mitotic,H2AX
cell_cycle_mitotic,H2AZ2
cell_cycle_mitotic,H2BC1
cell_cycle_mitotic,H2BC10
cell_cycle_mitotic,H2BC11
cell_cycle_mitotic,H2BC12
cell_cycle_mitotic,H2BC12L
cell_cycle_mitotic,H2BC13
cell_cycle_mitotic,H2BC14
cell_cycle_mitotic,H2BC15
cell_cycle_mitotic,H2BC17
cell_cycle_mitotic,H2BC21
cell_cycle_mitotic,H2BC26
cell_cycle_mitotic,H2BC3
cell_cycle_mitotic,H2BC4
cell_cycle_mitotic,H2BC5
cell_cycle_mitotic,H2BC6
cell_cycle_mitotic,H2BC7
cell_cycle_mitotic,H2BC8
cell_cycle_mitotic,H2BC9
cell_cycle_mitotic,H3-3A
cell_cycle_mitotic,H3-3B
cell_cycle_mitotic,H3-4
cell_cycle_mitotic,H3C1
cell_cycle_mitotic,H3C10
cell_cycle_mitotic,H3C11
cell_cycle_mitotic,H3C12
cell_cycle_mitotic,H3C13
cell_cycle_mitotic,H3C14
cell_cycle_mitotic,H3C15
cell_cycle_mitotic,H3C2
cell_cycle_mitotic,H3C3
cell_cycle_mitotic,H3C4
cell_cycle_mitotic,H3C6
cell_cycle_mitotic,H3C7
cell_cycle_mitotic,H3C8
cell_cycle_mitotic,H4C1
cell_cycle_mitotic,H4C11
cell_cycle_mitotic,H4C12
cell_cycle_mitotic,H4C13
cell_cycle_mitotic,H4C14
cell_cycle_mitotic,H4C15
cell_cycle_mitotic,H4C16
cell_cycle_mitotic,H4C2
cell_cycle_mitotic,H4C3
cell_cycle_mitotic,H4C4
cell_cycle_mitotic,H4C5
cell_cycle_mitotic,H4C6
cell_cycle_mitotic,H4C8
cell_cycle_mitotic,H4C9
cell_cycle_mitotic,HAUS1
cell_cycle_mitotic,HAUS2
cell_cycle_mitotic,HAUS3
cell_cycle_mitotic,HAUS4
cell_cycle_mitotic,HAUS5
cell_cycle_mitotic,HAUS6
cell_cycle_mitotic,HAUS7
cell_cycle_mitotic,HAUS8
cell_cycle_mitotic,HDAC1
cell_cycle_mitotic,HDAC8
cell_cycle_mitotic,HJURP
cell_cycle_mitotic,HMMR
cell_cycle_mitotic,HSP90AA1
cell_cycle_mitotic,HSP90AB1
cell_cycle_mitotic,INCENP
cell_cycle_mitotic,IST1
cell_cycle_mitotic,ITGB3BP
cell_cycle_mitotic,JAK2
cell_cycle_mitotic,KIF18A
cell_cycle_mitotic,KIF20A
cell_cycle_mitotic,KIF23
cell_cycle_mitotic,KIF2A
cell_cycle_mitotic,KIF2B
cell_cycle_mitotic,KIF2C
cell_cycle_mitotic,KMT5A
cell_cycle_mitotic,KNL1
cell_cycle_mitotic,KNTC1
cell_cycle_mitotic,KPNB1
cell_cycle_mitotic,LBR
cell_cycle_mitotic,LCMT1
cell_cycle_mitotic,LEMD2
cell_cycle_mitotic,LEMD3
cell_cycle_mitotic,LIG1
cell_cycle_mitotic,LIN37
cell_cycle_mitotic,LIN52
cell_cycle_mitotic,LIN54
cell_cycle_mitotic,LIN9
cell_cycle_mitotic,LMNA
cell_cycle_mitotic,LMNB1
cell_cycle_mitotic,LPIN1
cell_cycle_mitotic,LPIN2
cell_cycle_mitotic,LPIN3
cell_cycle_mitotic,LYN
cell_cycle_mitotic,MAD1L1
cell_cycle_mitotic,MAD2L1
cell_cycle_mitotic,MAPK1
cell_cycle_mitotic,MAPK3
cell_cycle_mitotic,MAPRE1
cell_cycle_mitotic,MASTL
cell_cycle_mitotic,MAU2
cell_cycle_mitotic,MAX
cell_cycle_mitotic,MCM10
cell_cycle_mitotic,MCM2
cell_cycle_mitotic,MCM3
cell_cycle_mitotic,MCM4
cell_cycle_mitotic,MCM5
cell_cycle_mitotic,MCM6
cell_cycle_mitotic,MCM7
cell_cycle_mitotic,MCM8
cell_cycle_mitotic,MCPH1
cell_cycle_mitotic,MIS12
cell_cycle_mitotic,MIS18BP1
cell_cycle_mitotic,MNAT1
cell_cycle_mitotic,MYBL2
cell_cycle_mitotic,MYC
cell_cycle_mitotic,MZT1
cell_cycle_mitotic,MZT2A
cell_cycle_mitotic,MZT2B
cell_cycle_mitotic,NCAPD2
cell_cycle_mitotic,NCAPD3
cell_cycle_mitotic,NCAPG
cell_cycle_mitotic,NCAPG2
cell_cycle_mitotic,NCAPH
cell_cycle_mitotic,NCAPH2
cell_cycle_mitotic,NDC1
cell_cycle_mitotic,NDC80
cell_cycle_mitotic,NDE1
cell_cycle_mitotic,NDEL1
cell_cycle_mitotic,NEDD1
cell_cycle_mitotic,NEK2
cell_cycle_mitotic,NEK6
cell_cycle_mitotic,NEK7
cell_cycle_mitotic,NEK9
cell_cycle_mitotic,NINL
cell_cycle_mitotic,NIPBL
cell_cycle_mitotic,NME7
cell_cycle_mitotic,NSL1
cell_cycle_mitotic,NUDC
cell_cycle_mitotic,NUF2
cell_cycle_mitotic,NUMA1
cell_cycle_mitotic,NUP107
cell_cycle_mitotic,NUP133
cell_cycle_mitotic,NUP153
cell_cycle_mitotic,NUP155
cell_cycle_mitotic,NUP160
cell_cycle_mitotic,NUP188
cell_cycle_mitotic,NUP205
cell_cycle_mitotic,NUP210
cell_cycle_mitotic,NUP214
cell_cycle_mitotic,NUP35
cell_cycle_mitotic,NUP37
cell_cycle_mitotic,NUP42
cell_cycle_mitotic,NUP43
cell_cycle_mitotic,NUP50
cell_cycle_mitotic,NUP54
cell_cycle_mitotic,NUP58
cell_cycle_mitotic,NUP62
cell_cycle_mitotic,NUP85
cell_cycle_mitotic,NUP88
cell_cycle_mitotic,NUP93
cell_cycle_mitotic,NUP98
cell_cycle_mitotic,OBI1
cell_cycle_mitotic,ODF2
cell_cycle_mitotic,OFD1
cell_cycle_mitotic,OPTN
cell_cycle_mitotic,ORC1
cell_cycle_mitotic,ORC2
cell_cycle_mitotic,ORC3
cell_cycle_mitotic,ORC4
cell_cycle_mitotic,ORC5
cell_cycle_mitotic,ORC6
cell_cycle_mitotic,PAFAH1B1
cell_cycle_mitotic,PCM1
cell_cycle_mitotic,PCNA
cell_cycle_mitotic,PCNT
cell_cycle_mitotic,PDS5A
cell_cycle_mitotic,PDS5B
cell_cycle_mitotic,PHF8
cell_cycle_mitotic,PHLDA1
cell_cycle_mitotic,PKMYT1
cell_cycle_mitotic,PLK1
cell_cycle_mitotic,PLK4
cell_cycle_mitotic,PMF1
cell_cycle_mitotic,POLA1
cell_cycle_mitotic,POLA2
cell_cycle_mitotic,POLD1
cell_cycle_mitotic,POLD2
cell_cycle_mitotic,POLD3
cell_cycle_mitotic,POLD4
cell_cycle_mitotic,POLE
cell_cycle_mitotic,POLE2
cell_cycle_mitotic,POLE3
cell_cycle_mitotic,POLE4
cell_cycle_mitotic,POM121
cell_cycle_mitotic,POM121C
cell_cycle_mitotic,PPME1
cell_cycle_mitotic,PPP1CB
cell_cycle_mitotic,PPP1CC
cell_cycle_mitotic,PPP1R12A
cell_cycle_mitotic,PPP1R12B
cell_cycle_mitotic,PPP2CA
cell_cycle_mitotic,PPP2CB
cell_cycle_mitotic,PPP2R1A
cell_cycle_mitotic,PPP2R1B
cell_cycle_mitotic,PPP2R2A
cell_cycle_mitotic,PPP2R2D
cell_cycle_mitotic,PPP2R3B
cell_cycle_mitotic,PPP2R5A
cell_cycle_mitotic,PPP2R5B
cell_cycle_mitotic,PPP2R5C
cell_cycle_mitotic,PPP2R5D
cell_cycle_mitotic,PPP2R5E
cell_cycle_mitotic,PRIM1
cell_cycle_mitotic,PRIM2
cell_cycle_mitotic,PRKACA
cell_cycle_mitotic,PRKAR2B
cell_cycle_mitotic,PRKCA
cell_cycle_mitotic,PRKCB
cell_cycle_mitotic,PSMA1
cell_cycle_mitotic,PSMA2
cell_cycle_mitotic,PSMA3
cell_cycle_mitotic,PSMA4
cell_cycle_mitotic,PSMA5
cell_cycle_mitotic,PSMA6
cell_cycle_mitotic,PSMA7
cell_cycle_mitotic,PSMB1
cell_cycle_mitotic,PSMB2
cell_cycle_mitotic,PSMB3
cell_cycle_mitotic,PSMB4
cell_cycle_mitotic,PSMB5
cell_cycle_mitotic,PSMB6
cell_cycle_mitotic,PSMB7
cell_cycle_mitotic,PSMC1
cell_cycle_mitotic,PSMC2
cell_cycle_mitotic,PSMC3
cell_cycle_mitotic,PSMC4
cell_cycle_mitotic,PSMC5
cell_cycle_mitotic,PSMC6
cell_cycle_mitotic,PSMD1
cell_cycle_mitotic,PSMD11
cell_cycle_mitotic,PSMD12
cell_cycle_mitotic,PSMD13
cell_cycle_mitotic,PSMD14
cell_cycle_mitotic,PSMD2
cell_cycle_mitotic,PSMD3
cell_cycle_mitotic,PSMD6
cell_cycle_mitotic,PSMD7
cell_cycle_mitotic,PSMD8
cell_cycle_mitotic,PTK6
cell_cycle_mitotic,PTTG1
cell_cycle_mitotic,RAB1A
cell_cycle_mitotic,RAB1B
cell_cycle_mitotic,RAB2A
cell_cycle_mitotic,RAB8A
cell_cycle_mitotic,RAD21
cell_cycle_mitotic,RAE1
cell_cycle_mitotic,RAN
cell_cycle_mitotic,RANBP2
cell_cycle_mitotic,RANGAP1
cell_cycle_mitotic,RB1
cell_cycle_mitotic,RBBP4
cell_cycle_mitotic,RBL1
cell_cycle_mitotic,RBL2
cell_cycle_mitotic,RBX1
cell_cycle_mitotic,RCC1
cell_cycle_mitotic,RCC2
cell_cycle_mitotic,RFC1
cell_cycle_mitotic,RFC2
cell_cycle_mitotic,RFC3
cell_cycle_mitotic,RFC4
cell_cycle_mitotic,RFC5
cell_cycle_mitotic,RPA1
cell_cycle_mitotic,RPA2
cell_cycle_mitotic,RPA3
cell_cycle_mitotic,RPA4
cell_cycle_mitotic,RPS27
cell_cycle_mitotic,RPS27A
cell_cycle_mitotic,RRM2
cell_cycle_mitotic,SDCCAG8
cell_cycle_mitotic,SEC13
cell_cycle_mitotic,SEH1L
cell_cycle_mitotic,SEM1
cell_cycle_mitotic,SET
cell_cycle_mitotic,SFI1
cell_cycle_mitotic,SGO1
cell_cycle_mitotic,SGO2
cell_cycle_mitotic,SIRT2
cell_cycle_mitotic,SKA1
cell_cycle_mitotic,SKA2
cell_cycle_mitotic,SKP1
cell_cycle_mitotic,SKP2
cell_cycle_mitotic,SMC1A
cell_cycle_mitotic,SMC2
cell_cycle_mitotic,SMC3
cell_cycle_mitotic,SMC4
cell_cycle_mitotic,SPAST
cell_cycle_mitotic,SPC24
cell_cycle_mitotic,SPC25
cell_cycle_mitotic,SPDL1
cell_cycle_mitotic,SRC
cell_cycle_mitotic,SSNA1
cell_cycle_mitotic,STAG1
cell_cycle_mitotic,STAG2
cell_cycle_mitotic,SUMO1
cell_cycle_mitotic,TAOK1
cell_cycle_mitotic,TFDP1
cell_cycle_mitotic,TFDP2
cell_cycle_mitotic,TICRR
cell_cycle_mitotic,TK1
cell_cycle_mitotic,TMPO
cell_cycle_mitotic,TNPO1
cell_cycle_mitotic,TOP2A
cell_cycle_mitotic,TP53
cell_cycle_mitotic,TPR
cell_cycle_mitotic,TPX2
cell_cycle_mitotic,TUBA1A
cell_cycle_mitotic,TUBA1B
cell_cycle_mitotic,TUBA1C
cell_cycle_mitotic,TUBA3C
cell_cycle_mitotic,TUBA3D
cell_cycle_mitotic,TUBA3E
cell_cycle_mitotic,TUBA4A
cell_cycle_mitotic,TUBA4B
cell_cycle_mitotic,TUBA8
cell_cycle_mitotic,TUBAL3
cell_cycle_mitotic,TUBB
cell_cycle_mitotic,TUBB1
cell_cycle_mitotic,TUBB2A
cell_cycle_mitotic,TUBB2B
cell_cycle_mitotic,TUBB3
cell_cycle_mitotic,TUBB4A
cell_cycle_mitotic,TUBB4B
cell_cycle_mitotic,TUBB6
cell_cycle_mitotic,TUBB8
cell_cycle_mitotic,TUBB8B
cell_cycle_mitotic,TUBG1
cell_cycle_mitotic,TUBG2
cell_cycle_mitotic,TUBGCP2
cell_cycle_mitotic,TUBGCP3
cell_cycle_mitotic,TUBGCP4
cell_cycle_mitotic,TUBGCP5
cell_cycle_mitotic,TUBGCP6
cell_cycle_mitotic,TYMS
cell_cycle_mitotic,UBA52
cell_cycle_mitotic,UBB
cell_cycle_mitotic,UBC
cell_cycle_mitotic,UBE2C
cell_cycle_mitotic,UBE2D1
cell_cycle_mitotic,UBE2E1
cell_cycle_mitotic,UBE2I
cell_cycle_mitotic,UBE2S
cell_cycle_mitotic,USO1
cell_cycle_mitotic,VPS4A
cell_cycle_mitotic,VRK1
cell_cycle_mitotic,VRK2
cell_cycle_mitotic,WAPL
cell_cycle_mitotic,WEE1
cell_cycle_mitotic,XPO1
cell_cycle_mitotic,YWHAE
cell_cycle_mitotic,YWHAG
cell_cycle_mitotic,ZW10
cell_cycle_mitotic,ZWILCH
cell_cycle_mitotic,ZWINT
